<?xml version="1.0" encoding="UTF-8"?>
<export version="E">
  <design>
    <source>C:\Users\prowland\OneDrive - Keywords Studios Ltd\Desktop\Scripts\The Sussy Pushy\PCB\Remote Respawn v2.1\Remote Respawn v2.1\Remote Respawn v2.1.kicad_sch</source>
    <date>06/11/2023 12:51:56</date>
    <tool>Eeschema 7.0.6</tool>
    <sheet number="1" name="/" tstamps="/">
      <title_block>
        <title>Remote Respawn PCB</title>
        <company>(c)d3t Ltd. - A Keywords Studio</company>
        <rev>2.1</rev>
        <date>2023-10-06</date>
        <source>Remote Respawn v2.1.kicad_sch</source>
        <comment number="1" value=""/>
        <comment number="2" value=""/>
        <comment number="3" value=""/>
        <comment number="4" value=""/>
        <comment number="5" value=""/>
        <comment number="6" value=""/>
        <comment number="7" value=""/>
        <comment number="8" value=""/>
        <comment number="9" value=""/>
      </title_block>
    </sheet>
  </design>
  <components>
    <comp ref="8P8C1">
      <value>Link_to_RemoteRespawn</value>
      <footprint>Connector_RJ:RJ45_Amphenol_54602-x08_Horizontal</footprint>
      <libsource lib="Connector" part="8P8C" description="RJ connector, 8P8C (8 positions 8 connected), RJ31/RJ32/RJ33/RJ34/RJ35/RJ41/RJ45/RJ49/RJ61"/>
      <property name="Sheetname" value=""/>
      <property name="Sheetfile" value="Remote Respawn v2.1.kicad_sch"/>
      <property name="ki_description" value="RJ connector, 8P8C (8 positions 8 connected), RJ31/RJ32/RJ33/RJ34/RJ35/RJ41/RJ45/RJ49/RJ61"/>
      <property name="ki_keywords" value="8P8C RJ socket connector"/>
      <sheetpath names="/" tstamps="/"/>
      <tstamps>4f9d5b9c-c91a-4bec-8f65-d9984ff7ee47</tstamps>
    </comp>
    <comp ref="D1">
      <value>1N47xxA</value>
      <footprint>Diode_THT:D_DO-41_SOD81_P10.16mm_Horizontal</footprint>
      <datasheet>https://www.vishay.com/docs/85816/1n4728a.pdf</datasheet>
      <libsource lib="Diode" part="1N47xxA" description="1300mW Silicon planar power Zener diodes, DO-41"/>
      <property name="Sheetname" value=""/>
      <property name="Sheetfile" value="Remote Respawn v2.1.kicad_sch"/>
      <property name="ki_description" value="1300mW Silicon planar power Zener diodes, DO-41"/>
      <property name="ki_keywords" value="zener diode"/>
      <sheetpath names="/" tstamps="/"/>
      <tstamps>c2d55be3-7f42-467d-ad51-bbf92418cc33</tstamps>
    </comp>
    <comp ref="D2">
      <value>1N47xxA</value>
      <footprint>Diode_THT:D_DO-41_SOD81_P10.16mm_Horizontal</footprint>
      <datasheet>https://www.vishay.com/docs/85816/1n4728a.pdf</datasheet>
      <libsource lib="Diode" part="1N47xxA" description="1300mW Silicon planar power Zener diodes, DO-41"/>
      <property name="Sheetname" value=""/>
      <property name="Sheetfile" value="Remote Respawn v2.1.kicad_sch"/>
      <property name="ki_description" value="1300mW Silicon planar power Zener diodes, DO-41"/>
      <property name="ki_keywords" value="zener diode"/>
      <sheetpath names="/" tstamps="/"/>
      <tstamps>ee78e487-53fc-45de-962b-c65d5b86ace1</tstamps>
    </comp>
    <comp ref="Ph1">
      <value>PowerSwitch</value>
      <footprint>Connector_PinHeader_2.54mm:PinHeader_1x02_P2.54mm_Horizontal</footprint>
      <libsource lib="Connector" part="Conn_01x02_Pin" description="Generic connector, single row, 01x02, script generated"/>
      <property name="Sheetname" value=""/>
      <property name="Sheetfile" value="Remote Respawn v2.1.kicad_sch"/>
      <property name="ki_description" value="Generic connector, single row, 01x02, script generated"/>
      <property name="ki_keywords" value="connector"/>
      <sheetpath names="/" tstamps="/"/>
      <tstamps>f2d7ba3d-043f-4815-87a4-dcdfcf4094f0</tstamps>
    </comp>
    <comp ref="Ph2">
      <value>ResetSwitch</value>
      <footprint>Connector_PinHeader_2.54mm:PinHeader_1x02_P2.54mm_Horizontal</footprint>
      <libsource lib="Connector" part="Conn_01x02_Pin" description="Generic connector, single row, 01x02, script generated"/>
      <property name="Sheetname" value=""/>
      <property name="Sheetfile" value="Remote Respawn v2.1.kicad_sch"/>
      <property name="ki_description" value="Generic connector, single row, 01x02, script generated"/>
      <property name="ki_keywords" value="connector"/>
      <sheetpath names="/" tstamps="/"/>
      <tstamps>132a1452-5b3d-4df2-8cff-6953567a2a92</tstamps>
    </comp>
    <comp ref="Ph3">
      <value>PowerMbd</value>
      <footprint>Connector_PinHeader_2.54mm:PinHeader_1x02_P2.54mm_Horizontal</footprint>
      <libsource lib="Connector" part="Conn_01x02_Pin" description="Generic connector, single row, 01x02, script generated"/>
      <property name="Sheetname" value=""/>
      <property name="Sheetfile" value="Remote Respawn v2.1.kicad_sch"/>
      <property name="ki_description" value="Generic connector, single row, 01x02, script generated"/>
      <property name="ki_keywords" value="connector"/>
      <sheetpath names="/" tstamps="/"/>
      <tstamps>21ee97a6-6588-4945-8a38-f4b16030d4c5</tstamps>
    </comp>
    <comp ref="Ph4">
      <value>ResetMbd</value>
      <footprint>Connector_PinHeader_2.54mm:PinHeader_1x02_P2.54mm_Horizontal</footprint>
      <libsource lib="Connector" part="Conn_01x02_Pin" description="Generic connector, single row, 01x02, script generated"/>
      <property name="Sheetname" value=""/>
      <property name="Sheetfile" value="Remote Respawn v2.1.kicad_sch"/>
      <property name="ki_description" value="Generic connector, single row, 01x02, script generated"/>
      <property name="ki_keywords" value="connector"/>
      <sheetpath names="/" tstamps="/"/>
      <tstamps>aed41e66-c433-40de-bdeb-fce42d6f8af8</tstamps>
    </comp>
  </components>
  <libparts>
    <libpart lib="Connector" part="8P8C">
      <description>RJ connector, 8P8C (8 positions 8 connected), RJ31/RJ32/RJ33/RJ34/RJ35/RJ41/RJ45/RJ49/RJ61</description>
      <docs>~</docs>
      <footprints>
        <fp>8P8C*</fp>
        <fp>RJ31*</fp>
        <fp>RJ32*</fp>
        <fp>RJ33*</fp>
        <fp>RJ34*</fp>
        <fp>RJ35*</fp>
        <fp>RJ41*</fp>
        <fp>RJ45*</fp>
        <fp>RJ49*</fp>
        <fp>RJ61*</fp>
      </footprints>
      <fields>
        <field name="Reference">J</field>
        <field name="Value">8P8C</field>
        <field name="Datasheet">~</field>
      </fields>
      <pins>
        <pin num="1" name="" type="passive"/>
        <pin num="2" name="" type="passive"/>
        <pin num="3" name="" type="passive"/>
        <pin num="4" name="" type="passive"/>
        <pin num="5" name="" type="passive"/>
        <pin num="6" name="" type="passive"/>
        <pin num="7" name="" type="passive"/>
        <pin num="8" name="" type="passive"/>
      </pins>
    </libpart>
    <libpart lib="Connector" part="Conn_01x02_Pin">
      <description>Generic connector, single row, 01x02, script generated</description>
      <docs>~</docs>
      <footprints>
        <fp>Connector*:*_1x??_*</fp>
      </footprints>
      <fields>
        <field name="Reference">J</field>
        <field name="Value">Conn_01x02_Pin</field>
        <field name="Datasheet">~</field>
      </fields>
      <pins>
        <pin num="1" name="Pin_1" type="passive"/>
        <pin num="2" name="Pin_2" type="passive"/>
      </pins>
    </libpart>
    <libpart lib="Diode" part="1N47xxA">
      <description>1300mW Silicon planar power Zener diodes, DO-41</description>
      <docs>https://www.vishay.com/docs/85816/1n4728a.pdf</docs>
      <footprints>
        <fp>D*DO?41*</fp>
      </footprints>
      <fields>
        <field name="Reference">D</field>
        <field name="Value">1N47xxA</field>
        <field name="Footprint">Diode_THT:D_DO-41_SOD81_P10.16mm_Horizontal</field>
        <field name="Datasheet">https://www.vishay.com/docs/85816/1n4728a.pdf</field>
      </fields>
      <pins>
        <pin num="1" name="K" type="passive"/>
        <pin num="2" name="A" type="passive"/>
      </pins>
    </libpart>
  </libparts>
  <libraries>
    <library logical="Connector">
      <uri>C:\Program Files\KiCad\7.0\share\kicad\symbols\/Connector.kicad_sym</uri>
    </library>
    <library logical="Diode">
      <uri>C:\Program Files\KiCad\7.0\share\kicad\symbols\/Diode.kicad_sym</uri>
    </library>
  </libraries>
  <nets>
    <net code="1" name="Net-(D1-A)">
      <node ref="D1" pin="2" pinfunction="A" pintype="passive"/>
      <node ref="Ph1" pin="1" pinfunction="Pin_1" pintype="passive"/>
      <node ref="Ph3" pin="1" pinfunction="Pin_1" pintype="passive"/>
    </net>
    <net code="2" name="Net-(D1-K)">
      <node ref="8P8C1" pin="1" pintype="passive"/>
      <node ref="D1" pin="1" pinfunction="K" pintype="passive"/>
    </net>
    <net code="3" name="Net-(D2-A)">
      <node ref="D2" pin="2" pinfunction="A" pintype="passive"/>
      <node ref="Ph2" pin="1" pinfunction="Pin_1" pintype="passive"/>
      <node ref="Ph4" pin="1" pinfunction="Pin_1" pintype="passive"/>
    </net>
    <net code="4" name="Net-(D2-K)">
      <node ref="8P8C1" pin="2" pintype="passive"/>
      <node ref="D2" pin="1" pinfunction="K" pintype="passive"/>
    </net>
    <net code="5" name="Net-(Ph1-Pin_2)">
      <node ref="8P8C1" pin="3" pintype="passive"/>
      <node ref="Ph1" pin="2" pinfunction="Pin_2" pintype="passive"/>
      <node ref="Ph2" pin="2" pinfunction="Pin_2" pintype="passive"/>
      <node ref="Ph3" pin="2" pinfunction="Pin_2" pintype="passive"/>
      <node ref="Ph4" pin="2" pinfunction="Pin_2" pintype="passive"/>
    </net>
    <net code="6" name="unconnected-(8P8C1-Pad4)">
      <node ref="8P8C1" pin="4" pintype="passive"/>
    </net>
    <net code="7" name="unconnected-(8P8C1-Pad5)">
      <node ref="8P8C1" pin="5" pintype="passive"/>
    </net>
    <net code="8" name="unconnected-(8P8C1-Pad6)">
      <node ref="8P8C1" pin="6" pintype="passive"/>
    </net>
    <net code="9" name="unconnected-(8P8C1-Pad7)">
      <node ref="8P8C1" pin="7" pintype="passive"/>
    </net>
    <net code="10" name="unconnected-(8P8C1-Pad8)">
      <node ref="8P8C1" pin="8" pintype="passive"/>
    </net>
  </nets>
</export>
